id,Company,Address,Contact ,Email,Website
1,Belconnen Canberra Toyota,"1 Josephson Street,
BELCONNEN ACT, 2617",02 6222 1700,,http://www.canberratoyota.com.au/
2,Fyshwick Canberra Toyota,"44-50 Wollongong Street,
FYSHWICK ACT, 2609",02 6222 1900,,http://www.canberratoyota.com.au/
3,Greenway National Capital Toyota,"211 Scollay Street,
GREENWAY ACT, 2900",02 6173 6100,,http://www.nationalcapitaltoyota.com.au/
4,Gungahlin Canberra Toyota,"4 O'Brien Place,
GUNGAHLIN ACT, 2912",02 6222 3500,,http://www.canberratoyota.com.au/
,Phillip Canberra Toyota,"160-164 Melrose Drive,
PHILLIP ACT, 2606",02 6222 1800,,http://www.canberratoyota.com.au/
,Albion Park Illawarra Toyota,"Cnr Princes Hwy & Miall Way,
ALBION PARK NSW, 2527",02 4256 3022,,http://www.illawarratoyota.com.au/
,Albion Park Illawarra Toyota,"3 Rivulet Crescent,
ALBION PARK NSW, 2527",02 4256 7111,,
,Armidale New England Toyota,"91 Markham Street,
ARMIDALE NSW, 2350",02 6774 9777,,http://inverell.newenglandtoyota.com.au/
,Artamon Chatswood Toyota,"12 Marden Street,
ARTARMON NSW, 2064",02 9206 6966,sales@chatswoodtoyota.com.au ,http://chatswoodtoyota.com.au/
,Ballina Toyota,"Cnr Pacific Highway & Sunset Avenue,
BALLINA NSW, 2478",02 6686 3322,,http://www.ballinatoyota.com.au/
,Batemans Bay Eurobodalla Toyota,"47 Kylie Crescent,
BATEMANS BAY NSW, 2536",02 4472 7366,sales@eurobodallatoyota.com.au,http://www.eurobodallatoyota.com.au/
,Bathurst Toyota,"8 Corporation Avenue,
BATHURST NSW, 2795",02 6334 2224,,http://www.bathursttoyota.com.au/
,Bega Valley Toyota,"73 Upper Street,
BEGA NSW, 2550",02 6492 2277,,http://www.begavalleytoyota.com.au/
,Belmore Canterbury Toyota,"744 Canterbury Road,
BELMORE NSW, 2192",02 9750 0011,,http://www.canterburytoyota.com.au/
,Blacktown Lander Toyota,"112 Sunnyholt Road,
BLACKTOWN NSW, 2148",02 8884 4888,,http://www.landertoyota.com.au/
,Bombala Cottrell Toyota,"170 Maybe Street,
BOMBALA NSW, 2632",02 6458 3341,de71134@bigpond.net.au,http://www.cottrelltoyota.com.au/
,Broken Hill Toyota,"320-328 Beryl Street,
BROKEN HILL NSW, 2880",08 8088 2444,sales@bhmotorco.com.au,http://www.brokenhilltoyota.com.au/
,Brookvale Bill Buckle Toyota,"790 Pittwater Road,
BROOKVALE NSW, 2100",02 9939 7766,,http://billbuckletoyota.com.au/
,Brookvale Bill Buckle Toyota,"196 Harbord Road,
BROOKVALE NSW, 2100",02 8922 9300,,
,Camden Clintons Toyota,"15 Cawdor Road,
CAMDEN NSW, 2570",02 4654 7299,,http://www.clintonstoyota.com.au/
,Campbelltown Clintons Toyota,"25 Blaxland Road,
CAMPBELLTOWN NSW, 2560",02 4631 8888,,http://www.clintonstoyota.com.au/
,Cardiff Toyota,"54 Macquarie Road,
CARDIFF NSW, 2285",02 4904 6777,newsales@cardifftoyota.com.au,http://www.cardifftoyota.com.au/
,Castle Hill Toyota,"2 Victoria Ave,
CASTLE HILL NSW, 2154",02 8831 8888,,http://www.castlehilltoyota.com.au/
,Cessnock Toyota,"250 Maitland Road,
CESSNOCK NSW, 2325",02 4990 2722,,http://www.cessnocktoyota.com.au/
,Chatswood Toyota,"728 Pacific Highway,
CHATSWOOD NSW, 2067",02 9201 8888,sales@chatswoodtoyota.com.au ,http://chatswoodtoyota.com.au/
,Chullora Noble Toyota,"135 Hume Highway,
CHULLORA NSW, 2190",02 8756 9888,,http://www.nobletoyota.com.au/
,Cobar Toyota,"60 Morrison Street,
COBAR NSW, 2835",02 6836 4007,,
,Coffs Harbour Toyota,"192-196 Orlando Street,
COFFS HARBOUR NSW, 2450",02 6652 1933,,http://www.coffsharbourtoyota.com.au/
,Cooma Toyota,"66-70 Sharp Street,
COOMA NSW, 2630",02 6452 1077,,http://coomatoyota.com.au/
,Coonabarabran Mack Toyota,"24 Charles Street,
COONABARABRAN NSW, 2357",02 6842 1499,sales@taylorautomotive.com.au,http://www.macktoyota.com.au/
,Cootamundra Toyota,"91 Parker Street,
COOTAMUNDRA NSW, 2590",02 6942 1888,sales@cootatoyota.com.au,http://www.cootamundratoyota.com.au/
,Cowra Toyota,"50-56 Young Road,
COWRA NSW, 2794",02 6342 1988,,http://www.cowratoyota.com.au/
,Croydon Phil Gilbert Toyota,"2-14 Parramatta Road,
CROYDON NSW, 2132",02 9715 9888,,http://www.philgilberttoyota.com.au/
,Deniliquin Toyota,"47-57 Davidson Street,
DENILIQUIN NSW, 2710",03 5881 2933,,http://www.deniliquintoyota.com.au/
,Dubbo City Toyota,"6-10 Bourke Street,
DUBBO NSW, 2830",02 6882 1511,info@dubbocitytoyota.com.au ,http://dubbocitytoyota.com.au/
,East Maitland Toyota,"104-124 Newcastle Road,
EAST MAITLAND NSW, 2323",02 4933 8383,reception@maitlandtoyota.com.au ,http://www.maitlandtoyota.com.au/
,Eden Toyota,"137-145 Imlay Street,
EDEN NSW, 2551",02 6496 1529,,http://www.edentoyota.com.au/
,Forbes Toyota,"34 Dowling Street,
FORBES NSW, 2871",02 6851 1644,guestexperience@toyota.com.au,www.forbestoyota.com.au
,Gateshead Charlestown Toyota,"Pacific Highway,
GATESHEAD NSW, 2290",02 4943 7777,,http://www.charlestowntoyota.com.au/
,Gilgandra Toyota,"18-26 Warren Road,
GILGANDRA NSW, 2827",02 6847 2106,info@gilgandratoyota.com.au ,http://gilgandratoyota.com.au/
,Glebe Sydney City Toyota,"36-38 Parramatta Road,
GLEBE NSW, 2037",02 9565 6313,,http://www.sydneycitytoyota.com.au/
,Goulburn Toyota,"126 Hume Street,
GOULBURN NSW, 2580",02 4823 0800,sales@goulburncountrymotors.com.au,http://www.goulburntoyota.com.au/
,Granville Terry Shields Toyota,"233-239 Parramatta Road,
GRANVILLE NSW, 2142",1300 793 413,,http://www.terryshieldstoyota.com.au/
,Gregory Hills Clintons Toyota,"11-23 Lasso Road,
GREGORY HILLS NSW, 2557",02 4645 5888,,http://www.clintonstoyota.com.au/
,Griffith Owen Toyota,"96 Mackay Avenue,
GRIFFITH NSW, 2680",02 6962 8888,,http://www.owentoyota.com.au/
,Guildford Western Toyota,"662 Woodville Road,
GUILDFORD NSW, 2161",02 9681 8100,,http://www.westerntoyota.com.au/
,Gunnedah Toyota,"61 - 67 Barber Street,
GUNNEDAH NSW, 2380",02 6742 3322,sales@taylorautomotive.com.au,http://www.gunnedahtoyota.com.au
,Hamilton Newcastle Toyota,"65 Tudor Street,
HAMILTON NSW, 2303",02 4969 1311,,http://www.newcastletoyota.com.au/
,Hay Lugsdin Toyota,"6 Nailor Street,
HAY NSW, 2711",02 6993 1661,polly@lugsdintoyota.com.au,http://www.lugsdintoyota.com.au/
,Hurstville Fergusons Toyota,"104 Forest Road,
HURSTVILLE NSW, 2220",02 9579 5077,,http://www.fergusonstoyota.com.au/
,Inverell New England Toyota,"179-185 Byron Street,
INVERELL NSW, 2360",02 6722 2251,,http://armidale.newenglandtoyota.com.au/
,Kempsey Toyota,"132 Belgrave Street,
KEMPSEY NSW, 2440",02 6562 6466,,http://www.kempseytoyota.com.au/
,Kingswood Penrith Toyota,"87-101 Great Western Highway,
KINGSWOOD NSW, 2747",02 8805 9500,reception@penrithtoyota.com.au.,http://www.penrithtoyota.com.au/
,Lavington Jacob Toyota,"404 Griffith Road,
LAVINGTON NSW, 2641",02 6057 1000,troy.lowe@jacobtoyota.com.au,http://www.jacobtoyota.com.au/
,Leeton Toyota,"2 Pine Avenue,
LEETON NSW, 2705",02 6953 3533,,http://www.leetontoyota.com.au/
,Lidcombe Phil Gilbert Toyota,"66-72 Parramatta Road,
LIDCOMBE NSW, 2141",02 9735 8400,,http://www.philgilberttoyota.com.au/
,Lismore Toyota,"73 Krauss Avenue,
LISMORE NSW, 2480",02 5624 7400,,http://www.lismoretoyota.com.au/
,Lithgow Lean & Bennett Toyota,"255 Main Street,
LITHGOW NSW, 2790",02 6352 2211,rbennett@pnc.com.au,http://www.leanandbennetttoyota.com.au/
,Mona Vale Bill Buckle Toyota,"4/83 Bassett Street,
MONA VALE NSW, 2103",02 9997 7300,,https://www.billbuckle.com.au/
,Moree Tait Toyota,"430 Frome Street,
MOREE NSW, 2400",02 6750 7400,,http://www.taittoyota.com.au/
,Moruya Eurobodalla Toyota,"Cnr Vulcan & Princes Highway,
MORUYA NSW, 2537",02 4474 2000,sales@eurobodallatoyota.com.au,http://www.eurobodallatoyota.com.au/
,Mosman Toyota,"501 Military Road,
MOSMAN NSW, 2088",02 9969 2555,,http://www.mosmantoyota.com.au/
,Moss Vale Southern Highland Toyota,"208 Argyle Street,
MOSS VALE NSW, 2577",02 4868 1477,,http://www.southernhighlandtoyota.com.au/
,Mudgee Toyota,"30 Burrundulla Avenue,
MUDGEE NSW, 2850",02 6372 1799,,http://www.mudgeetoyota.com.au/
,Murwillumbah Hayes Toyota,"34 Prospero Street,
MURWILLUMBAH NSW, 2484",02 6672 1666,,http://www.hayestoyota.com.au/
,Muswellbrook Toyota,"113 Maitland Road,
MUSWELLBROOK NSW, 2333",02 6543 3066,,http://www.muswellbrooktoyota.com.au/
,Narrabri Max Orman Toyota,"160 Maitland Street,
NARRABRI NSW, 2390",02 6792 2788,,http://www.maxormantoyota.com.au/
,North Gosford Brian Hilton Toyota,"600 Pacific Highway,
NORTH GOSFORD NSW, 2250",02 4328 2888,,http://www.brianhiltontoyota.com.au/
,Nyngan Toyota,"10 Mitchell Highway,
NYNGAN NSW, 2825",02 6832 1477,admin@nyngantoyota.com ,http://nyngantoyota.com.au/
,Orange Toyota,"32 Forbes Road,
ORANGE NSW, 2800",02 6362 2988,,http://www.orangetoyota.com.au/
,Parkes Toyota,"20 Bogan Street,
PARKES NSW, 2870",02 6862 9777,sales@parkestoyota.com.au,http://www.parkestoyota.com.au/
,Parramatta Terry Shields Toyota,"Cnr Church & Raymond Streets,
PARRAMATTA NSW, 2150",1300 668 214,,http://www.terryshieldstoyota.com.au/
,Pennant Hills Toyota,"330 Pennant Hills Road,
PENNANT HILLS NSW, 2120",02 9875 0222,,http://www.pennanthillstoyota.com.au/
,Port Macquarie Warren Plowright Toyota,"10 Hastings River Drive,
PORT MACQUARIE NSW, 2444",02 6583 3122,reception@warrenplowrighttoyota.com.au ,http://warrenplowrighttoyota.com.au/
,Quirindi Gowings Toyota ,"80 Pryor Street,
QUIRINDI NSW, 2343",02 6746 1066,dp@gowingstoyota.com.au,http://www.gowingstoyota.com.au/
,Revesby Noble Toyota,"27 Marigold Street,
REVESBY NSW, 2212",02 8708 4659,,http://www.nobletoyota.com.au/
,Rockdale Stewart Toyota,"591-597 Princes Highway,
ROCKDALE NSW, 2216",02 9599 4000,sutherlandnewsales@stewartautomotive.com.au,http://www.stewarttoyota.com.au/
,Scone Toyota,"230 Kelly Street,
SCONE NSW, 2337",02 6545 9118,,http://www.sconetoyota.com.au/
,Singleton Toyota,"63-65 Magpie Street,
SINGLETON NSW, 2330",02 6572 3755,,http://www.singletontoyota.com.au/
,South Grafton Toyota,"110 Bent Street,
SOUTH GRAFTON NSW, 2460",02 6644 3000,,http://www.graftontoyota.com.au/
,South Nowra Toyota,"104 Princes Highway,
SOUTH NOWRA NSW, 2541",02 4421 4777,,http://www.nowratoyota.com.au/
,Sutherland Stewart Toyota,"489-497 Princes Highway,
SUTHERLAND NSW, 2232",02 9521 7111,sutherlandnewsales@stewartautomotive.com.au,http://www.stewarttoyota.com.au/
,Tamworth City Toyota,"311-315 Marius Street,
TAMWORTH NSW, 2340",02 6766 5008,,http://www.tamworthcitytoyota.com.au/
,Taree Toyota ,"46 Victoria Street,
TAREE NSW, 2430",02 6539 3333,,http://www.tareetoyota.com.au/
,Taylors Beach Port Stephens Toyota,"70 Port Stephens Drive,
TAYLORS BEACH NSW, 2316",02 4916 3333,reception@maitlandtoyota.com.au ,http://www.maitlandtoyota.com.au/
,Tumut Toyota,"147 Wynyard Street,
TUMUT NSW, 2720",02 6947 1744,,http://www.tumuttoyota.com.au
,Tuncurry Twin Towns Toyota,"144 Manning Street,
TUNCURRY NSW, 2428",02 6539 6100,,http://www.twintownstoyota.com.au/
,Tweed Heads South Surf Toyota,"64-74 Minjungbal Drive,
TWEED HEADS SOUTH NSW, 2486",07 5569 5000,,http://www.surftoyota.com.au/
,Ulladulla Toyota,"171 Princes Highway,
ULLADULLA NSW, 2539",02 4455 3777,,http://www.ulladullatoyota.com.au/
,Wagga Wagga Thomas Bros Toyota,"67 Dobney Avenue,
WAGGA WAGGA NSW, 2650",02 6926 0555,newtoyota@thomasbros.com.au,http://www.thomasbrostoyota.com.au/
,Waitara Hornsby Toyota,"46 Pacific Highway,
WAITARA NSW, 2077",02 9488 2188,newcarenquiry@hornsbytoyota.com.au,http://www.hornsbytoyota.com.au/
,Warren Macquarie Toyota,"Cnr Dubbo & Hale Streets,
WARREN NSW, 2824",02 6847 4266,,http://www.macquarietoyota.com.au/
,Warwick Farm Peter Warren Toyota,"Cnr Hume Highway & Todman Ave.,
WARWICK FARM NSW, 2170",02 9828 8777,ebusiness@peterwarren.com.au,http://www.peterwarrentoyota.com.au/
,Waterloo Sydney City Toyota,"824 Bourke Street,
WATERLOO NSW, 2017",02 9690 9999,,http://www.sydneycitytoyota.com.au/
,Wee Waa Max Orman (Holdings),"39 BoolCarrol Road,
WEE WAA NSW, 2388",02 6795 4184,,http://www.maxormantoyota.com.au/
,Wellington Ron Stubberfield Toyota,"54 Lee Street,
WELLINGTON NSW, 2820",02 6845 2522,info@ronstubberfieldtoyota.com.au,http://www.ronstubberfieldtoyota.com.au/
,West Ryde Toyota,"1046 Victoria Road,
WEST RYDE NSW, 2114",02 9812 1777,sales@rydetoyota.com.au ,http://www.rydetoyota.com.au/
,West Wyalong Armstrong Toyota,"208-210 Main Street,
WEST WYALONG NSW, 2671",02 6972 2400,,http://www.armstrongtoyota.com.au/
,Windsor Toyota,"98 Macquarie Street,
WINDSOR NSW, 2756",02 4587 6000,,http://www.windsortoyota.com.au/
,Wollongong Illawarra Toyota,"Cnr Station & Flinders Streets,
WOLLONGONG NSW, 2500",02 4229 8333,,http://www.illawarratoyota.com.au/
,Woy Woy Brian Hilton Toyota,"1 Charlton Street,
WOY WOY NSW, 2256",02 4344 1455,guestexperience@toyota.com.au,www.brianhilton.com.au
,Wyong Brian Hilton Toyota,"170 Pacific Highway,
WYONG NSW, 2259",02 4353 1122,,http://www.brianhiltontoyota.com.au/
,Yass Luff Motors Pty Ltd,"280 Comur Street,
YASS NSW, 2582",02 6226 1122,admin@luffmotors.com.au,http://www.luffmotors.com.au/
,Young Watson Toyota,"225 Boorowa Street,
YOUNG NSW, 2594",02 6382 1266,,http://www.watsontoyota.com.au/
,Alice Springs Peter Kittle Toyota,"46 Stuart Highway,
ALICE SPRINGS NT, 0870",08 8955 4200,,http://alicesprings.peterkittletoyota.com.au/
,Darwin Bridge Toyota,"9 Stuart Highway,
DARWIN NT, 0800",08 8946 0000,,http://bridgetoyota.com.au/
,Katherine Toyota,"441 Victoria Highway,
KATHERINE NT, 850",08 8974 0000,,http://www.katherinetoyota.com.au/
,Nhulunbuy Gove Toyota,"Arnhem Road,
NHULUNBUY NT, 880",08 8987 1911,sales@govemotors.com.au,http://www.govetoyota.com.au/
,Palmerston Bridge Toyota,"72 Chung Wah Terrace,
PALMERSTON NT, 830",08 8935 1000,,http://bridgetoyota.com.au/
,Albion Sci-Fleet Toyota,"167 Sandgate Rd,
ALBION QLD, 4010",07 3862 0999,toyota@scifleet.com.au ,http://www.scifleettoyota.com.au/
,Atherton John Cole Toyota,"28 Tolga Road,
ATHERTON QLD, 4883",07 4030 5555,,http://www.johncoletoyota.com.au/
,AYR Don West Toyota,"282 Queen Street,
AYR QLD, 4807",07 4783 1600,sales@donwesttoyota.com.au,http://www.donwesttoyota.com.au/
,Beaudesert Huebner Toyota,"185 - 189 Brisbane Street,
BEAUDESERT QLD, 4285",07 5540 1000,sales@huebnertoyota.com.au,http://www.huebnertoyota.com.au/
,Biloela Linemac Toyota,"7-9 Dawson Highway,
BILOELA QLD, 4715",07 4992 1033,sales@linemac.com.au,http://www.linemactoyota.com.au/
,Booval Llewellyn Toyota,"Cnr Ross Llewellyn Dr & Brisbane Rd,
BOOVAL QLD, 4304",07 3282 2922,info@llewellynmotors.com.au,http://www.llewellyntoyota.com.au/
,Bowen Filby's Motors Bowen,"49 Powell Street,
BOWEN QLD, 4805",07 4786 9333,filbys@filbysmotors.com.au,http://www.filbysmotors.com.au/
,Brendale Torque Toyota,"55 Southpine Road,
BRENDALE QLD, 4500",07 3000 8000,enquiry@torquetoyota.com.au,http://torquetoyota.com.au/
,Bundaberg Toyota,"4 Takalvan Street,
BUNDABERG QLD, 4670",07 4150 7800,vehicles@bundabergtoyota.com.au,http://www.bundabergtoyota.com.au/
,Cairns Pacific Toyota,"235-245 Mulgrave Road,
CAIRNS QLD, 4870",07 4030 7444,,http://www.pacifictoyota.com.au/
,Caloundra Sunshine Toyota,"689 Nicklin Way,
CALOUNDRA QLD, 4551",07 5493 3900,sales@sunshinetoyota.com.au ,http://sunshinetoyota.com.au/
,Charters Towers Toyota,"Cnr York St and Millchester Rd,
CHARTERS TOWERS QLD, 4820",07 4754 5600,,http://www.charterstowerstoyota.com.au/
,Chinchilla Black Toyota,"Warrego Highway,
CHINCHILLA QLD, 4413",07 4668 9011,newcars.dalby@blacktoyota.com.au,http://www.blacktoyota.com.au/
,Cleveland Oldmac Toyota,"58 Shore Street,
CLEVELAND QLD, 4163",07 3479 9999,,http://www.oldmactoyota.com.au/
,Dalby Black Toyota,"43 Drayton Street,
DALBY QLD, 4405",07 4669 9600,newcars.dalby@blacktoyota.com.au,http://www.blacktoyota.com.au/
,Emerald Central Highlands Toyota,"31 Hospital Road,
EMERALD QLD, 4720",07 4983 9400,sales@centralhighlandstoyota.com.au,http://www.centralhighlandstoyota.com.au/
,Garbutt Mike Carney Toyota,"124-154 Duckworth St,
GARBUTT QLD, 4814",07 4759 4200,,http://www.mikecarneytoyota.com.au/
,Gatton Lockyer Valley Toyota,"91 Railway Street,
GATTON QLD, 4343",07 5462 0500,,http://www.lockyervalleytoyota.com.au/
,Gladstone Bill Robertson Toyota,"80-84 Hanson Road,
GLADSTONE QLD, 4680",07 4972 2766,mail@billrobertsontoyota.com.au,http://www.billrobertsontoyota.com.au/
,Goondiwindi Tait Toyota,"54 Russell Street,
GOONDIWINDI QLD, 4390",07 4671 7300,,http://www.taittoyota.com.au/
,Gympie John Madill Toyota,"44 Geordie Road,
GYMPIE QLD, 4570",07 5480 5555,,http://johnmadilltoyota.com.au/
,Hillcrest Motorama Toyota,"74 Anzac Avenue,
HILLCREST QLD, 4118",07 3884 8555,,http://www.motoramatoyota.com.au/
,Ingham Toyota,"8-10 Halifax Rd,
INGHAM QLD, 4850",07 4776 8500,,http://www.inghamtoyota.com.au/
,Innisfail John Cole Toyota,"25-29 Palmerston Drive,
INNISFAIL QLD, 4860",07 4043 8555,,http://www.johncoletoyota.com.au/
,Kedron Sci-Fleet Toyota,"59 Kitchener Road,
KEDRON QLD, 4031",07 3361 0077,toyota@scifleet.com.au ,http://scifleettoyota.com.au/
,Kedron Sci-Fleet Toyota,"469 Gympie Road,
KEDRON QLD, 4031",07 3361 0000,toyota@scifleet.com.au ,http://scifleettoyota.com.au/
,Kingaroy Ken Mills Toyota,"Cnr River Road & Bunya Highway,
KINGAROY QLD, 4610",07 4162 2300,nambour@kenmillstoyota.com.au,http://www.nambour.kenmillstoyota.com.au/
,Labrador Grand Motors,"11 Gateway Drive,
LABRADOR QLD, 4215",07 5583 9239,guestexperience@toyota.com.au,www.grandmotors.com.au
,Longreach Toyota,"17 Swan Street,
LONGREACH QLD, 4730",07 4658 1800,newcars@longreachtoyota.com.au,http://longreachtoyota.com.au/
,Mackay Toyota,"Cnr Nebo & Shakespeare Roads,
MACKAY QLD, 4740",07 4961 8000,,http://www.mackaytoyota.com.au/
,Mareeba Toyota,"279-283 Byrnes Street,
MAREEBA QLD, 4880",07 4092 9600,sales@mareebatoyota.com.au,http://www.mareebatoyota.com.au/
,Maroochydore Ken Mills Toyota,"82 Sugar Road,
MAROOCHYDORE QLD, 4558",07 5443 6277,maroochydore@kenmillstoyota.com.au,http://www.maroochydore.kenmillstoyota.com.au/
,Maryborough Wide Bay Toyota,"105 Lennox Street,
MARYBOROUGH QLD, 4650",07 4125 9500,,http://www.widebaytoyota.com.au/
,Moorooka Motorama Toyota,"1060 Ipswich Road,
MOOROOKA QLD, 4105",07 3000 9777,,http://www.motoramatoyota.com.au/
,Morayfield Martin Jonkers Motors,"176 Morayfield Road,
MORAYFIELD QLD, 4506",07 5495 1844,enquiry@mjm.com.au,http://www.martinjonkersmotors.com.au/
,Morningside Downtown Toyota,"753 Wynnum Road,
MORNINGSIDE QLD, 4170",07 3896 0100,,http://www.downtowntoyota.com.au/
,Mount Isa Bell & Moir Toyota,"86 - 94 Camooweal Street,
MOUNT ISA QLD, 4825",07 4743 3066,,http://www.bellandmoirtoyota.com.au/
,Mundubbera Ken Mills Toyota,"Strathdee Street,
MUNDUBBERA QLD, 4626",07 4165 3400,mundubbera@kenmillstoyota.com.au,http://www.kenmillstoyotarural.com.au/
,Nambour Ken Mills Toyota,"107 Coronation Ave,
NAMBOUR QLD, 4560",07 5441 1544,nambour@kenmillstoyota.com.au,http://www.nambour.kenmillstoyota.com.au/
,Nerang Hinterland Toyota,"15 Hinkler Drive,
NERANG QLD, 4211",07 5583 6999,,http://www.hinterlandtoyota.com.au/
,Nerang Hinterland Toyota,"11-15 Pappas Way West,
NERANG QLD, 4211",07 5583 6900,,http://www.hinterlandtoyota.com.au/
,Noosaville John Madill Toyota,"Noosa Autopark, Eumundi Road,
NOOSAVILLE QLD, 4566",07 5470 0750,,http://johnmadilltoyota.com.au/
,North Lakes Torque Toyota,"1658 Anzac Avenue,
NORTH LAKES QLD, 4509",07 3000 9000,enquiry@torquetoyota.com.au,http://torquetoyota.com.au/
,Oakey Black Toyota,"177 Bridge Street,
OAKEY QLD, 4401",07 4691 1033,newcars.dalby@blacktoyota.com.au,http://www.blacktoyota.com.au/
,Pialba Wide Bay Toyota,"82 Torquay Road,
PIALBA QLD, 4655",07 4125 9500,,http://www.widebaytoyota.com.au/
,Proserpine Filby's Motors,"62 Main Street,
PROSERPINE QLD, 4800",07 4945 9444,filbys@filbysmotors.com.au,http://www.filbysmotors.com.au/
,Robina Hinterland Toyota,"19-25 Brabham Circuit, Robina Auto Mall,
ROBINA QLD, 4226",07 5583 6999,,http://www.hinterlandtoyota.com.au/
,Rockhampton Ian Weigh Toyota,"Cnr Denham & Denison Streets,
ROCKHAMPTON QLD, 4700",07 4924 5200,email@ianweightoyota.com.au,http://ianweightoyota.com.au/
,Roma Black Toyota,"73 - 75 Charles Street,
ROMA QLD, 4455",07 4624 2400,newcars.dalby@blacktoyota.com.au,http://www.blacktoyota.com.au/
,Sippy Downs Sunshine Toyota,"30 Chancellor Boulevarde,
SIPPY DOWNS QLD, 4556",07 5430 2000,sales@sunshinetoyota.com.au ,http://sunshinetoyota.com.au/
,Smithfield Pacific Toyota,"Shop GDB1, Smithfield Shop. Ctr, Captain Cook Highway,
SMITHFIELD QLD, 4878",07 4038 2344,,http://www.pacifictoyota.com.au/
,Southport Grand Motors,"265 Ferry Road,
SOUTHPORT QLD, 4215",07 5583 6888,,http://www.grandmotorstoyota.com.au/
,Springsure Central Highlands Toyota,"72 Eclipse Street,
SPRINGSURE QLD, 4722",07 4984 1177,sales@centralhighlandstoyota.com.au,http://www.centralhighlandstoyota.com.au/
,Springwood Oldmac Toyota,"3376 Pacific Highway,
SPRINGWOOD QLD, 4127",07 3440 7777,,http://www.oldmactoyota.com.au/
,St George O'brien Toyota,"36 - 40 Victoria Street,
ST GEORGE QLD, 4487",07 4620 3300,sales@obrientoyota.com.au,http://www.obrientoyota.com.au/
,Taringa Sci-Fleet Toyota,"118 Moggill Road,
TARINGA QLD, 4068",07 3720 7000,toyota@scifleet.com.au ,http://www.scifleettoyota.com.au/
,Thargomindah Thargo Motors,"61 Dowling Street,
THARGOMINDAH QLD, 4492",07 4655 3225,,
,Toogoolawah Seymours Toyota,"25 Fulham Street,
TOOGOOLAWAH QLD, 4313",07 5423 1355,scott@seymourstoyota.com.au,http://www.seymourstoyota.com.au/
,Toowoomba Toyota,"597 Ruthven Street,
TOOWOOMBA QLD, 4350",07 4631 8300,enquiries@toowoombatoyota.com.au ,http://toowoombatoyota.com.au/
,Tully Bartrac Toyota,"89 Butler Street,
TULLY QLD, 4854",07 4068 1566,peter@bartractoyota.com.au,http://www.bartractoyota.com.au/
,Upper Mount Gravatt Southside Toyota,"1922 Logan Road,
UPPER MOUNT GRAVATT QLD, 4122",07 3422 4999,,http://southsidetoyota.com.au/
,Warwick Black Toyota,"9-11 Betta Place,
WARWICK QLD, 4370",07 4661 2799,newcars.dalby@blacktoyota.com.au,http://www.blacktoyota.com.au/
,Woolloongabba Southside Toyota,"59 Logan Road,
WOOLLOONGABBA QLD, 4102",07 3008 6477,,http://southsidetoyota.com.au/
,Woolloongabba Southside Toyota,"56 Ipswich Road,
WOOLLOONGABBA QLD, 4102",07 3008 6444,,http://southsidetoyota.com.au/
,Wynnum Downtown Toyota,"306 Tingal Road,
WYNNUM QLD, 4178",07 3396 6655,,http://www.downtowntoyota.com.au/
,Yeppoon Ian Weigh Toyota,"97 John Street,
YEPPOON QLD, 4703",07 4939 3922,email@ianweightoyota.com.au,http://ianweightoyota.com.au/
,Adelaide CMI Toyota,"152 West Terrace,
ADELAIDE SA, 5000",08 8238 5555,city@cmitoyota.com.au ,http://www.cmitoyota.com.au/
,Berri Big River Toyota,"1464 Old Sturt Highway,
BERRI SA, 5343",08 8582 2277,tom.babaniotis@bigrivertoyota.com.au,http://www.bigrivertoyota.com.au/
,Blair Athol Northpoint Toyota,"152 Grand Junction Road,
BLAIR ATHOL SA, 5084",08 8261 4877,,http://www.northpointtoyota.com.au/
,Ceduna Toyota,"46355 Eyre Highway,
CEDUNA SA, 5690",08 8625 2999,matthew@cedunamachinery.com.au,http://www.cedunatoyota.com.au/
,Cheltenham CMI Toyota,"869 Port Road,
CHELTENHAM SA, 5014",08 8268 0888,portside@cmitoyota.com.au ,http://www.cmitoyota.com.au/
,Christies Beach CMI Toyota,"150-158 Beach Road,
CHRISTIES BEACH SA, 5165",08 8382 9000,southside@cmitoyota.com.au ,http://www.cmitoyota.com.au/
,Clare Valley Toyota,"380 Main North Road,
CLARE SA, 5453",08 8842 2566,sales@clarevalleytoyota.com.au,http://www.clarevalleytoyota.com.au/
,Clovelly Park Jarvis Toyota,"1278 South Road,
CLOVELLY PARK SA, 5042",13 0013 7766,,http://www.jarvistoyota.com.au/
,Hawthorn Cornes Toyota,"46 Belair Road,
HAWTHORN SA, 5062",08 8272 1488,,http://cornestoyota.com.au/
,Hillcrest Northpoint Toyota,"485 North East Road,
HILLCREST SA, 5086",08 8261 4877,,http://www.northpointtoyota.com.au/locations/hillc
,Jamestown Kelly Toyota,"2 Boundary Road,
JAMESTOWN SA, 5491",08 8664 1253,justin@kellytoyota.com.au,http://www.kellytoyota.com.au/
,Kadina Peninsula Toyota,"2-4 Taylor Street,
KADINA SA, 5554", 08 8821 1022,buzzy@gunnings.com.au,http://www.peninsulatoyota.com.au/
,Maitland Peninsula Toyota,"54-58 Robert Street,
MAITLAND SA, 5573",08 8832 2725,,
,Millicent Toyota,"79 Mt Gambier Road,
MILLICENT SA, 5280",08 8733 3111,sales@millicenttoyota.com,http://www.millicenttoyota.com.au/
,Mount Barker Adelaide Hills Toyota,"57 Adelaide Road,
MOUNT BARKER SA, 5251",08 8398 2226,reception@ahtoyota.com.au,http://www.adelaidehillstoyota.com.au/
,Mount Gambier Noel Barr Toyota,"35 Bay Road,
MOUNT GAMBIER SA, 5290",08 8721 3333,noelbarr@noelbarrtoyota.com.au,http://www.noelbarrtoyota.com.au/
,Murray Bridge Toyota,"169 Adelaide Road,
MURRAY BRIDGE SA, 5253",08 8531 0044,sales@mbmotorco.com.au,http://www.murraybridgetoyota.com.au/
,Naracoorte Toyota,"Lot 85 Deviation Road,
NARACOORTE SA, 5271",08 8762 0455,mc@naracoortetoyota.com.au,http://www.naracoortetoyota.com.au/
,Para Hills West Peter Kittle Toyota,"1459 Main North Road,
PARA HILLS WEST SA, 5096",08 8256 1212,,www.parrahillswest.peterkittletoyota.com.au
,Port Augusta Northpoint Toyota,"18 Young Street,
PORT AUGUSTA SA, 5700",08 8642 3433,,www.northpointtoyota.com.au/
,Port Lincoln Peter Kittle Toyota,"62-72 Liverpool Street,
PORT LINCOLN SA, 5606",08 8621 3200,,http://portlincoln.peterkittletoyota.com.au/
,Prospect Northpoint Toyota,"170 Main North Road,
PROSPECT SA, 5082",08 8344 7771,,www.northpointtoyota.com.au/
,Stepney CMI Toyota,"24 - 28 Nelson Street,
STEPNEY SA, 5069",08 8362 2844,eastside@cmitoyota.com.au ,http://www.cmitoyota.com.au/
,Tanunda Barossa Valley Toyota,"175 Murray Street,
TANUNDA SA, 5352",08 8563 2188,admin@barossavalleytoyota.com.au,http://www.barossavalleytoyota.com.au/
,Victor Harbor Toyota,"34-38 Adelaide Road,
VICTOR HARBOR SA, 5211",08 8552 1255,sales@mcilroyautogroup.com.au,http://victorharbortoyota.com.au/
,Waikerie Errol Matschoss Motors,"10 Ian Oliver Drive,
WAIKERIE SA, 5330",08 8541 2055,errolmatchmotors@bigpond.com.au,http://www.errolmatschossmotors.com.au/
,Whyalla Toyota,"64 Essington Avenue,
WHYALLA SA, 5600",08 8647 7400,markm@whyallaautomotive.com.au,http://www.whyallatoyota.com.au/
,Burnie Gowans Toyota,"181 Bass Highway,
BURNIE TAS, 7320",03 6431 5677,info@gowansmotorgroup.com.au,http://www.gowanstoyota.com.au/
,Devonport Gowans Toyota,"41 Best Street,
DEVONPORT TAS, 7310",03 6424 5177,info@gowansmotorgroup.com.au,http://www.gowanstoyota.com.au/
,Hobart Co-op Toyota ,"267 Argyle Street,
HOBART TAS, 7000",03 6230 1901,,http://www.co-optoyota.com.au/
,Kings Meadows Launceston Toyota,"80 Hobart Road,
KINGS MEADOWS TAS, 7249",03 6344 4000,s.nixon@launcestontoyota.com.au,http://www.launcestontoyota.com.au/
,Kingston Co-op Toyota,"14 Hutchins Street,
KINGSTON TAS, 7051",03 6229 0700,,http://www.co-optoyota.com.au/
,Airport West Toyota,"355 Wirraway Road,
AIRPORT WEST VIC, 3042",03 9379 8888,,http://www.airporttoyota.com.au/
,Bairnsdale Dwyers Toyota,"449 Princes Highway,
BAIRNSDALE VIC, 3875",03 5152 9797,,http://www.dwyerstoyota.com.au/
,Ballarat Toyota,"19 Creswick Road,
BALLARAT VIC, 3350",03 5331 2666,,http://www.ballarattoyota.com.au/
,Benalla Toyota,"28 Sydney Road,
BENALLA VIC, 3672",03 5762 2022,jbrennan@benallatoyota.com.au,http://www.benallatoyota.com.au/
,Berwick Toyota,"Lot 3 Kangan Drive,
BERWICK VIC, 3806",,,
,Camberwell Toyota,"610 Camberwell Road,
CAMBERWELL VIC, 3124",03 9809 2466,enquiry@camberwelltoyota.com.au ,http://camberwelltoyota.com.au/
,Castlemaine Toyota,"371 Barker Street,
CASTLEMAINE VIC, 3450",03 5470 5255,,http://www.castlemainetoyota.com.au/
,Cobram Toyota,"79 Broadway Street,
COBRAM VIC, 3644",03 5872 1088,sales@cobramtoyota.com.au,http://www.cobramtoyota.com.au/
,Coburg Anthony Smith Toyota,"1067 Sydney Road,
COBURG VIC, 3058",03 8371 8188,jborg@anthonysmithtoyota.com.au,http://www.anthonysmithtoyota.com.au/
,Colac Toyota,"191 Murray Street,
COLAC VIC, 3250",03 5231 5222,john@colactoyota.com.au,http://www.colactoyota.com.au
,Cranbourne Toyota,"284 South Gippsland Highway,
CRANBOURNE VIC, 3977",03 5955 1111,ctsales@cranbournetoyota.com.au,http://www.cranbournetoyota.com.au/
,Croydon Toyota,"35 Hewish Road,
CROYDON VIC, 3136",03 9725 5555,salesl@yarravalleytoyota.com.au,http://www.yarravalleytoyota.com.au/
,Dandenong Patterson Cheney Toyota,"200 Cheltenham Road,
DANDENONG VIC, 3175",03 9215 2200,,http://www.pattersoncheneytoyota.com.au/
,Deer Park Le Mans Toyota,"770 Ballarat Road,
DEER PARK VIC, 3023",03 8363 3000,,http://www.lemanstoyota.com.au/
,Doncaster Nunawading Toyota,"26 Firth Street,
DONCASTER VIC, 3108",03 9848 8322,enquiry@nunawadingtoyota.com.au,www.nunawadingtoyota.com.au
,Echuca Toyota,"101 Northern Highway,
ECHUCA VIC, 3564",03 5482 3377,,http://www.echucatoyota.com.au/
,Elsternwick Brighton Toyota,"77 Nepean Highway,
ELSTERNWICK VIC, 3185",03 9524 2000,,http://www.brightontoyota.com.au/
,Epsom Bendigo Toyota,"51-59 Midland Highway,
EPSOM VIC, 3551",03 5448 4844,,http://www.bendigotoyota.com.au/
,Ferntree Gully Toyota,"1101 Burwood Highway,
FERNTREE GULLY VIC, 3156",03 9758 8222,,http://www.ferntreegullytoyota.com.au/
,Geelong Blood Toyota,"68-72 Fyans Street,
GEELONG VIC, 3220",03 5222 3000,new@bloodtoyota.com.au,http://www.bloodtoyota.com.au/
,Glen Waverley Toyota,"375-377 Springvale Road, (383 Springvale Road),
GLEN WAVERLEY VIC, 3150",03 8544 2288,sales@waverleytoyota.com.au,http://www.waverleytoyota.com.au/
,Hamilton Taylor Toyota,"46-50 Lonsdale Street,
HAMILTON VIC, 3300",03 5572 4244,,http://www.taylortoyota.com.au/
,Healesville Toyota,"112 Maroondah Highway,
HEALESVILLE VIC, 3777",03 5962 4333,,http://www.healesvilletoyota.com.au/
,Heidelberg Cannon Toyota,"480 Lower Heidelberg Road,
HEIDELBERG VIC, 3084",03 9459 3277,,
,Heidelberg Cannon Toyota,"473 Lower Heidelberg Road,
HEIDELBERG VIC, 3084",03 9459 3277,,http://www.cannontoyota.com.au/
,Hoppers Crossing Werribee Toyota,"212-216 Old Geelong Road,
HOPPERS CROSSING VIC, 3029",03 9974 0200,newcars@werribeetoyota.com.au,http://www.werribeetoyota.com.au/
,Horsham Toyota,"81 Stawell Road,
HORSHAM VIC, 3400",03 5381 6111,sales@horshammotorco.com.au,http://www.horshamtoyota.com.au/
,Kaniva Robot Motors,"71 Commercial Street,
KANIVA VIC, 3419",03 5392 2335,robots@bigpond.net.au,http://robotmotors.com.au/
,Kerang Toyota,"1 Victoria Street,
KERANG VIC, 3579",03 5450 4233,info@swanhilltoyota.com.au,http://www.swanhilltoyota.com.au/
,Kilmore Toyota,"140 Powlett Street,
KILMORE VIC, 3764", 03 5734 3900,,http://www.kilmoretoyota.com.au/
,"Kyabram Albion (Kyabram) Motors Pty Ltd
","33-39 Albion Street,
KYABRAM VIC, 3620",03 5852 1977,sales@albionmotors.com.au,http://www.albionmotors.com.au/
,Kyneton Toyota,"24 Bourke Street,
KYNETON VIC, 3444",03 5421 0210,,http://www.kynetontoyota.com.au/
,Leongatha Knights Toyota,"7-13 Hughes Street,
LEONGATHA VIC, 3953",03 5662 2302,knightssales@wide.net.au,http://www.knightstoyota.com.au/
,Lilydale Yarra Valley Toyota,"454 Maroondah Highway,
LILYDALE VIC, 3140",03 9735 5555,salesl@yarravalleytoyota.com.au,http://www.yarravalleytoyota.com.au/
,Mansfield Toyota,"102 - 108 High Street,
MANSFIELD VIC, 3722",03 5775 1777,jbrennan@benallatoyota.com.au,http://www.benallatoyota.com.au/
,Maryborough Toyota,"64 High Street,
MARYBOROUGH VIC, 3465",03 5461 1666,,http://www.maryboroughtoyota.com.au/
,Melbourne City Toyota,"621 Elizabeth Street,
MELBOURNE VIC, 3000",03 9282 8888,sales@melbcitytoyota.com.au,http://www.melbournecitytoyota.com.au/
,Melton Toyota,"143-147 High Street,
MELTON VIC, 3337",03 8746 0300,,http://www.meltontoyota.com.au/
,Mentone Toyota,"25 Nepean Highway,
MENTONE VIC, 3194",03 8514 3900,,http://www.mentonetoyota.com.au/
,Mildura Toyota,"1-7 Seventh Street,
MILDURA VIC, 3502",03 5021 2999,info@markwellsautogroup.com.au,http://www.milduratoyota.com.au/
,Mill Park South Morang Toyota,"783 Plenty Road,
MILL PARK VIC, 3082",03 9407 8000,,http://www.southmorangtoyota.com.au/
,Mornington Toyota,"911-915 Nepean Highway,
MORNINGTON VIC, 3931",03 5975 4177,anthonys@morningtontoyota.com.au,http://morningtontoyota.com.au/
,Mulgrave Waverley Toyota,"9 Dunlop Road,
MULGRAVE VIC, 3170",03 8544 2288,sales@waverleytoyota.com.au,http://www.waverleytoyota.com.au/
,Narre Warren Berwick Toyota,"468-486 Princes Highway,
NARRE WARREN VIC, 3805",03 9707 4455,,http://www.berwicktoyota.com.au/
,Nunawading Toyota,"88 Station Street,
NUNAWADING VIC, 3131",03 8609 6078,enquiry@nunawadingtoyota.com.au,http://www.nunawadingtoyota.com.au/
,Nunawading Toyota,"275 Whitehorse Road,
NUNAWADING VIC, 3131",03 9877 3133,enquiry@nunawadingtoyota.com.au,http://www.nunawadingtoyota.com.au/
,Oakleigh Chadstone Toyota,"1547 Dandenong Road,
OAKLEIGH VIC, 3166",03 9568 0933,newcars@chadstonetoyota.com.au,http://www.chadstonetoyota.com.au/
,Pakenham Toyota,"33 Commercial Drive,
PAKENHAM VIC, 3810",03 5945 1777,,http://www.pakenhamtoyota.com.au/
,Preston Toyota,"687 High Street,
PRESTON VIC, 3072",03 9478 1788,,http://www.prestontoyota.com.au/
,Rosebud Toyota,"1343 - 1353 Point Nepean Road,
ROSEBUD VIC, 3939",03 5986 0300,anthonys@morningtontoyota.com.au,http://www.rosebudtoyota.com.au/
,Sale Turnbull Toyota,"303 York Street,
SALE VIC, 3850",03 5144 9898,,http://www.turnbulltoyota.com.au/
,Seaford Frankston Toyota,"1-4 Wells Road,
SEAFORD VIC, 3198",03 9783 8877,newcars@frankstontoyota.com.au,http://www.frankstontoyota.com.au/
,Seymour Toyota,"21 Emily Street,
SEYMOUR VIC, 3660",03 5735 3000,,http://www.seymourtoyota.com.au/
,Shepparton Toyota,"8000 Melbourne Road,
SHEPPARTON VIC, 3630",03 5823 1301,,http://www.sheppartontoyota.com.au/
,South Melbourne Toyota,"213-217 Normanby Road,
SOUTH MELBOURNE VIC, 3205",03 8645 6333,enquiries@southmelbtoyota.com.au,http://www.southmelbournetoyota.com.au/
,Stawell Toyota,"72-76 Longfield Street,
STAWELL VIC, 3380",03 5358 1555,sales@hmcstawell.com.au,http://www.stawelltoyota.com.au/
,Swan Hill Toyota,"5646 Murray Valley Hwy,
SWAN HILL VIC, 3585",03 5033 2800,info@swanhilltoyota.com.au,http://www.swanhilltoyota.com.au/
,Tottenham Le Mans Toyota,"510 Geelong Road,
TOTTENHAM VIC, 3012",03 9689 2944,,http://www.lemanstoyota.com.au/
,Traralgon Toyota,"Princes Highway,
TRARALGON VIC, 3844",03 5175 7777,sales@traralgontoyota.com.au,http://www.traralgontoyota.com.au/
,Wangaratta Toyota,"29-43 Tone Road,
WANGARATTA VIC, 3677",03 5722 2000,info@wangmotors.com.au,http://www.wangarattatoyota.com.au/
,Warracknabeal Schilling B. & Sons,"38 Scott Street,
WARRACKNABEAL VIC, 3393",03 5394 1237,,
,Warragul Toyota,"1 Endeavour Street,
WARRAGUL VIC, 3820",03 5623 1331,,http://www.warragultoyota.com.au/
,Warrnambool Toyota,"1075 Raglan Parade,
WARRNAMBOOL VIC, 3280",03 5559 0000,,http://www.warrnambooltoyota.com.au/
,Wodonga Jacob Toyota,"175 Melbourne Road,
WODONGA VIC, 3690",02 6055 9999,,http://www.jacobtoyota.com.au/
,Wonthaggi Toyota,"346 Bass Highway,
WONTHAGGI VIC, 3995",03 5672 1722,info@wonthaggitoyota.com.au,http://www.wonthaggitoyota.com.au/
,Yarram Turnbull Toyota,"278 Commercial Road,
YARRAM VIC, 3971",03 5182 5722,,http://www.turnbulltoyota.com.au/
,Albany Toyota,"360-368 Albany Highway,
ALBANY WA, 6330",08 9841 6355,,http://www.albanytoyota.com.au/
,Balcatta Big Rock Toyota,"445 Wanneroo Road,
BALCATTA WA, 6021",08 9344 0111,,http://www.bigrocktoyota.com.au/
,Broome Toyota,"Cnr Frederick & Coghlan Street,
BROOME WA, 6725",08 9194 5600,craig.watson@broometoyota.com.au,http://www.broometoyota.com.au/
,Bunbury Toyota,"34 Spencer Street,
BUNBURY WA, 6230",08 9722 2333,,http://www.bunburytoyota.com.au/
,Busselton Toyota,"78 West Street,
BUSSELTON WA, 6280",08 9781 0000,,http://www.busseltontoyota.com.au/
,Canning Vale Prosser Toyota,"209 Bannister Road,
CANNING VALE WA, 6155",08 9256 7000,Prossercanningvale.new@dvg.com.au,http://www.prossertoyotacanningvale.com.au/
,Carnavon Toyota,"198-199 Robinson Street,
CARNARVON WA, 6701",08 9941 1029,c.m.g@westnet.com.au,http://www.carnarvontoyota.com.au/
,Clarkson Grand Toyota,"1902 Marmion Avenue, Entry off Belleville Gdns,
CLARKSON WA, 6030",08 9407 1900,,http://www.grandtoyotaclarkson.com.au/
,Esperance Toyota,"Cnr Norseman & Sheldon Roads,
ESPERANCE WA, 6450",08 9071 0140,,http://www.esperancetoyota.com.au/
,Geraldton Toyota,"339 Marine Terrace,
GERALDTON WA, 6530",08 9964 0000,,http://www.geraldtontoyota.com.au/
,Gosnells Prosser Toyota,"2085 Albany Highway,
GOSNELLS WA, 6110",08 9492 1388,prossertoyota.new@dvg.com.au,http://www.prossertoyotagosnells.com.au/
,Halls Creek Toyota,"137 Duncan Road,
HALLS CREEK WA, 6770",08 9168 6150,,
,Kalamunda Toyota,"43 Canning Road,
KALAMUNDA WA, 6076",08 9257 9100,,http://www.kalamundatoyota.com.au/
,Kalgoorlie Goldfields Toyota,"60 Boulder Road,
KALGOORLIE WA, 6430",08 9025 1888,ainglis@goldfieldstoyota.com.au,http://www.goldfieldstoyota.com.au/
,Karratha Pilbara Toyota,"1 Crane Circle,
KARRATHA WA, 6714",08 9185 2700,jason.battle@pilbaratoyota.com.au,http://www.pilbaratoyota.com.au/
,Katanning Great Southern Toyota,"158 Clive Street,
KATANNING WA, 6317",08 9821 7100,accounts@greatsoutherntoyota.com.au,http://www.greatsoutherntoyota.com.au/
,Kununurra Toyota,"231 Bloodwood Drive,
KUNUNURRA WA, 6743",08 9168 2236,,http://www.katherinetoyota.com.au/
,Mandurah Toyota,"161 Pinjarra Road,
MANDURAH WA, 6210",08 9583 1333,,http://www.mandurahtoyota.com.au/
,Manjimup Toyota,"9 Giblett Street,
MANJIMUP WA, 6258",08 9771 1033,accounts@manjimuptoyota.com.au,http://manjimuptoyota.com.au/
,Melville Toyota,"Cnr North Lake Road & Leach Highway,
MELVILLE WA, 6156",08 9317 2333,,http://melvilletoyota.com.au/
,Merredin Toyota,"Lot 9 East Barrack Street,
MERREDIN WA, 6415",08 9041 4444,admin@avtoyota.com.au,http://www.avonvalleytoyota.com.au/
,Midland Toyota (Service & Parts),"163 Gt Eastern Hwy,
MIDLAND WA, 6056",08 9464 1000,midland.toyota@dvg.com.au,http://www.midlandtoyota.com.au/
,Moora Toyota,"92 Gardiner Street,
MOORA WA, 6510",08 9653 1923,todd@mooratoyota.com.au,http://www.mooratoyota.com.au/
,Morley Galleria Toyota,"70 Collier Road,
MORLEY WA, 6062",08 9262 8888,gallerianewcars@galleriatoyota.com.au,http://galleriatoyota.com.au/
,Myaree Melville Toyota (Service & Parts),"53 McCoy Street,
MYAREE WA, 6154",08 9317 2333,,http://www.melvilletoyota.com.au/
,Narrogin Toyota,"162 Federal Street,
NARROGIN WA, 6312",08 9881 2044,sales@narrogintoyota.com.au,http://www.narrogintoyota.com.au/
,Nedlands City Toyota,"199 Stirling Highway,
NEDLANDS WA, 6009",08 9284 8484,,www.citytoyota.net.au
,Newman Pilbara Toyota ,"29 Pardoo Street,
NEWMAN WA, 6753",08 9175 1173,jason.battle@pilbaratoyota.com.au,http://www.pilbaratoyota.com.au/
,Northam Avon Valley Toyota ,"Cnr Fitzgerald St & Peel Tce,
NORTHAM WA, 6401",08 9622 5622,lknipe@avtoyota.com.au,http://www.avonvalleytoyota.com.au/
,Northbridge City Toyota (Service & Parts),"165 Aberdeen Street,
NORTHBRIDGE WA, 6003",08 9228 0888,,http://www.citytoyota.net.au/
,Northbridge City Toyota,"216 Newcastle Street,
NORTHBRIDGE WA, 6003",08 9221 0888,,http://www.citytoyota.net.au
,Osborne Park Scarboro Toyota,"297 Scarborough Beach Road,
OSBORNE PARK WA, 6017",08 9273 1000,sales@scarborotoyota.com.au,http://scarborotoyota.com.au/
,Port Hedland Pilbara Toyota (Service & Parts),"26 Anderson Street,
PORT HEDLAND WA, 6721",08 9174 2600,jason.battle@pilbaratoyota.com.au,http://www.pilbaratoyota.com.au/
,Port Hedland Pilbara Toyota,"38 Anderson Street,
PORT HEDLAND WA, 6721",08 9173 1622,jason.battle@pilbaratoyota.com.au,http://www.pilbaratoyota.com.au/
,Rockingham Toyotaways,"75 Dixon Road,
ROCKINGHAM WA, 6168",08 9527 5755,,http://www.toyotaways.com.au/
,Wangara Grand Toyota,"Corner Wanneroo & Lancaster Roads,
WANGARA WA, 6065",08 9403 9000,,http://www.grandtoyotawangara.com.au/
,Welshpool New Town Toyota ,"10 Forward Street,
WELSHPOOL WA, 6106",08 9472 2600,,http://www.newtowntoyota.com.au/
,Wongan Hills Boekaman Toyota,"Manmanning Road,
WONGAN HILLS WA, 6603",08 9671 1211,,http://www.boekemantoyota.com.au/
